track_id,track_name
48Alsr3YCtOn2KXSYH2RQW,Angel Farm
1Xpe4IL6PuSmecwFBAhPCF,Intro - Live at La Défense
6xjkq0eR4c9p13N0eUwBlL,glitched persona
798mI116dJdZ12n9CkdflI,Time for Us
4GroumsjzAcgCwJzTGY7px,Ontario
6uLwfXYTPZDPw3wht0HgRi,Euphoria
6XeJcQqdvzNhpHGTFVBGwd,Wake Me Up - Lawrence Hart Remix
4RD2YToyh80WBhwzwG5TPw,Shake Your Body
5T2rzhUFXpY35x12GMDYii,Madan
31RgdmIsnmQwgFgF2qA8yB,Nami
3j5H1zDc2PdLXhjm1JV5kP,machine dreams
2ZxCq8m75RsYFkDzXoWGue,Linda - Ziger Remix
24nc2AB4oJSDFAGXQGXCL7,No Words
0Y5GJf9Wuq9XbZKx8OS2nH,The Connection
4YrUH3TZazK6DC2w5qXryI,Makeshift Tourniquet
0roOEiaAICru8RFULJFine,Swept Illusions - Dorisburg 808 Dance Mix
4Za8gLWwhw2Ly41bsUpNgX,Mime Jigs
3jBAlJcUMJKwRgTuGiLFGX,Daydream Repeat
4YHRlDDQkpoVkNRPFxfMJB,Birds (feat. Emmanuel Jal)
459x3l9yol31jT9brELv4f,One to Zen
2heqTatLuCB8xBhRJRl09Y,C'mon
7I6yxrc3RdDzRBeTYfHlo2,Morning Lemon
7953lpFSB0wadFytFxBpzn,Body Tonic
38MEa6ARSX70yHDga6WBiV,Dolphin Girl
7lxbCUxQXJRkPQ1eErYZd3,Raw - Tony Romera Remix
3lUYwKKb7ZYxPcahaVuTbu,Nothing in Particular
6CbcQWMInAZQqJEsqzDn7y,Deep in Space
4Q2IUQo8YuoCqiRrDazKK4,Water
37Y0dT6HzzOrbjrrq3pwTy,In A Daze
1ERU3zEnFqexwIv60Rlx4z,Ease Your Mind - Radio Mix
3ZwSIPYyulYPdM69GOYHkD,Cyberphunk
3RSvIGylwXhu3r83K1bkJJ,Positive Education
5oEIZ5G6XfTGpZIezAQTmc,Cockteaser - Original Club Mix
0kQR814yrWyoGFXEkO0WbP,8th Movement
1pzx2eOnLv7DTl25gQRdET,Big Plastic Room
5IlVSPzwQpKrCTO055bCpF,Get Slapped Up
2XUpjgBFHoBqWGtZz06Irn,river surface
5NnqtgN9MzZ7TI9Rrxi4tw,YUMEGIWA LAST BOY
54DvEccR0kKBdrGPbBnWai,Dance of the Crab
1pgmZnHzFNG8aS2GootLig,Safe In My Arms
0wkWXhsWpZtq7J8MtNF3pN,What Is This Sound? (Original Mix)
5qZiYccYZTuLCSsgv4iPdR,Isolate
5ZB4nMkRRPxIcKIKJscNVK,Deep N'Yo Soul - Vocal Mixx
3WeBHZ8z5YVdyDojUAARjs,Relaxed
11f1YJSbvi4PdYc9WwHI3h,Adamntium
6YR0hdWdt327cDGGJmmm5T,Wallop
6Etf0OY9f0PK4NHvmb1f3m,Jump Upped - Original Mix
3WpQpyWFrNQlT5OsF3MKj7,Jupiter's Back
5qhKhK8hSG6VKjmFgaOWFB,ラビリンス - Instrumental
2jrYQSzTHm4fZSYSF0GQXb,Sweat
