id,key,instrumentalness,energy,acousticness,danceability
3AaGCSpUFAmtB1XGxz5IWk,7,0.855,0.881,0.00471,0.705
6ilWOSGCIpyRCnVUZsSbEB,1,0.712,0.891,0.045,0.73
1v3ooF930KR3W7VlM7Mzbl,7,0.914,0.945,1.2e-05,0.731
3yaAqfGcXeC02j88iaoebG,2,0.84,0.861,0.0485,0.792
5HWybXhMxw8W8t0sUPysxf,6,0.698,0.659,0.372,0.692
49vNlVxrCBf5WwUCDySVuN,0,0.859,0.715,0.0132,0.79
0JL9dXZ2tjMabWjVjeutKH,3,0.847,0.228,0.927,0.298
3MOhipHFUkGpS0rV7cKrJO,10,0.485,0.637,0.0668,0.757
0wUIiILb3unP1LWA91POJn,0,0.896,0.954,0.00349,0.798
4vworrZL7bZN3Jk4Yh1GJt,0,0.0183,0.76,0.000149,0.709
67Hp634KZbo9B5WMsJOalE,1,0.0547,0.955,0.115,0.606
2jPGZrgcptxJpFV5FXeFZX,5,0.86,0.705,0.165,0.777
2ZaL63zLMDr6H18El2EIt9,10,0.485,0.637,0.0668,0.757
1uOtAQ7g9zVKf8vh0dcO4d,11,0.0382,0.855,0.0708,0.626
70ty8QsYOKx9PGCADJSdA3,3,0.508,0.782,0.03,0.842
4tUA0XgKiEigUywHbtkdLX,10,0.911,0.829,0.131,0.592
59QNyVtGhYoDnpO6T1e4yR,4,0.856,0.841,0.00409,0.667
7aLYQgzGLy8duSSdTJa1ik,10,0.393,0.576,0.0913,0.658
3FeosxZcVBWesL8jTMtVbk,1,0.916,0.576,0.00332,0.803
4kTnzCEM0ySHMf8nSCqLB5,8,0.703,0.83,0.000233,0.49
5EGJ7e7frJjYja6H4afzoT,1,0.334,0.571,0.21,0.723
1V2Z18nOByb7DqCECFh2Yt,7,0.892,0.524,0.0316,0.664
3scH3LfC2eyoX4zd5sp759,0,0.847,0.629,0.00613,0.792
1wUi98zKIqQqeJaSsORKqm,7,0.89,0.685,1.18e-05,0.803
0ppoT7dGTnY1Y5QKC125bz,0,0.583,0.494,0.00314,0.495
6aFibEwLZUbMln9c5nwtyQ,9,0.0575,0.764,0.163,0.794
5nvBbsER3AjvqnptLds8VP,10,0.886,0.834,0.00937,0.627
6NK6YFjxpLMpaqt6YKfIDA,8,8.58e-05,0.661,0.323,0.729
07SjDKarzZO519FaIfGxT1,4,0.866,0.749,0.00277,0.544
44IWxLvITxZg3uFvX05Bmh,5,0.9,0.472,0.168,0.53
78HchVnOwjWI8EQfOAlXFV,8,0.873,0.803,1.96e-05,0.554
6JPkbXQQNVla6ilOgJ8Tsu,7,0.54,0.593,0.0125,0.728
6IgxlOpJ1o16NqJtNQwAUo,7,0.898,0.782,0.042,0.588
2xYXaZM4dOKZO02zmvRRQD,6,0.889,0.657,0.183,0.674
77EwsTh7jz9khxVQK7gFBW,4,0.855,0.62,0.163,0.796
4YrUH3TZazK6DC2w5qXryI,8,0.88,0.578,0.0141,0.714
4pZZSrEUgaQJ2E2iNS7Hs1,0,0.719,0.791,0.0135,0.474
5O3GznAgkjc07BtlE9Xq9r,3,0.886,0.602,0.209,0.811
5YnYfl7h8OaOVBvCBCwa6y,0,0.84,0.179,0.934,0.507
0J9uaeOd7GZi9MTybtqAD4,1,0.79,0.417,0.445,0.725
5ro1X9qQIZVJT32Vlx4QAo,5,0.845,0.867,0.00194,0.648
7mY1LR71yeCJWYcNGT5xMF,0,0.921,0.91,0.103,0.713
5nZR6YRCKvYCXchMDpuIJ7,10,0.107,0.437,0.599,0.672
3UpaVhDv0SSohoKwukMfD6,10,0.846,0.796,0.0056,0.797
3omdHDf6LTJVnHDUKS9kN7,1,0.00664,0.862,0.0624,0.723
4EF0sD3FSWxf6w5VOuoQir,4,0.0047,0.783,0.0223,0.502
5Un6I8vHv1x0HdWEXjOgwc,8,0.765,0.755,0.00378,0.633
6tM2gr0pEFq1oPTIjFeICU,10,0.356,0.264,0.895,0.428
08SwGX1aTHB4ggF2lE8PVg,4,0.911,0.619,0.393,0.721
0GOxU3iUcbrWkvCdkvo8nL,2,0.886,0.372,0.61,0.281
2fnJWZtmyXoIXId90sYWWa,0,0.9,0.722,0.693,0.836
4N8Iwg073FXfJgSdpe5xU4,10,0.776,0.748,0.134,0.648
6HicnILThHx5EEay264cWT,2,0.773,0.657,0.00231,0.757
46lj4ymw5WmQkuTw9XJuHZ,2,0.907,0.908,0.01,0.654
7lvkoMYnToSLpp9XHWeEyA,11,0.00683,0.836,0.108,0.621
1X3I3nkeIQGsDzCYOurwkR,11,0.742,0.748,0.00808,0.684
4xZEEvW1L65BSUfftqRWOg,1,0.612,0.722,0.00134,0.541
4Wuhb6qTENf4xtIOzf0QGr,5,0.863,0.792,0.0619,0.768
1Q3RNUOiJKH4x85KOFKG65,7,0.858,0.673,0.121,0.736
73rIC3DBCwd4T7IvEQWg73,0,0.924,0.636,0.111,0.773
6U9rAS28uOHyf5NZCYyt0J,0,0.925,0.846,0.041,0.58
377KtQasdn4DggtcFLfkeg,4,0.906,0.955,0.223,0.746
2PdVJw4ItQLSJcMA9VrUoS,2,0.0262,0.761,0.089,0.796
61kGUwJrW6B9SPJBJSf7Sg,2,0.855,0.623,0.0268,0.657
2L0GFhQC5KSzBeOxL5901i,11,0.815,0.672,0.381,0.772
2uUAW6qgya8keByF9mh3ui,8,0.0132,0.826,0.362,0.681
3RPrtaRukLoAulq4dpI1nA,6,0.859,0.855,0.111,0.764
4x9l3fDzgvzg9t7Csbufrn,7,0.928,0.769,0.19,0.711
4dkEsJGD9c5Z7OsacC6spw,11,0.539,0.566,0.501,0.622
54aj6Fe7vFlMbnBoPcMXRK,11,0.23,0.614,0.024,0.697
7u1Ma1e9KgiExaqQ2gU0Dm,4,0.845,0.665,0.00927,0.727
2adgaudYr759nP77rrWwiK,7,0.965,0.747,0.069,0.704
0Ume2ALqcG0LDPecFmNgAV,10,0.772,0.203,0.983,0.656
0vq5vqbGfNydG2XaSBVRxx,5,0.0371,0.544,0.185,0.769
3HdUrpkAow3u2nX7ftTjOp,1,0.802,0.704,0.014,0.616
2CX7egnDEEXn9v3r8NUhxp,1,0.00562,0.846,0.000292,0.769
7JwilxLnrQBe3cFqjdmY9k,0,0.887,0.5,0.000322,0.82
6o3uuc2PnG9YJLLo97b8zk,4,0.847,0.416,0.837,0.519
2FUPzuRcfp8xaJKkaHzTiQ,0,9.79e-05,0.382,0.456,0.775
5w0N6wRgaPSwwpbzGMUqtu,2,0.974,0.457,0.611,0.327
4K9Qwo5S0dfxXiBv8nuGTR,2,0.0201,0.623,0.000968,0.595
1C1HXoQnkCAADnTJn1fXXi,7,0.849,0.606,0.0246,0.721
5gtm6zl1T2meGTS8hS0YRF,5,0.523,0.785,0.363,0.822
6HsUIbJFOJzuWgNNWVDHtV,2,0.196,0.559,0.0704,0.698
182TeWjHkx2zsB5kBTBJS1,10,0.153,0.436,0.211,0.318
3Nn6tQg6gYqCMZR0IpiiFJ,9,0.13,0.811,0.00145,0.429
7sIPjaEIz3puBvD9eLlSWs,9,0.385,0.874,0.00982,0.579
1B3dZi98DVAdHCYwMual8B,1,0.914,0.945,0.000419,0.771
5yiEvFextSviCStbutB8UI,0,0.669,0.697,0.202,0.67
4tAIZ4jqnYtuZwx5trVtbE,6,0.0257,0.719,0.00859,0.394
33pyOrXlhk1GGAUckBRbWA,4,0.923,0.315,0.878,0.47
1kl4c9XnO8o7UTBcqWQJo5,11,0.359,0.516,0.295,0.327
26chXKKR7oLwMVeMZOELo6,10,0.921,0.399,0.0402,0.739
0meByrGhwxMB1fLV9EhCF1,1,0.888,0.716,0.0544,0.593
7nqR4JqzSBmELk99Q5z6J2,4,0.953,0.899,0.443,0.353
6bOCgEL5pfoOOUlGF9HNua,9,0.889,0.23,0.196,0.787
6ZynxqD0m0jIa1JDC4KPcu,8,0.934,0.771,0.645,0.569
6dtObPFRUZ4eKsZZCp9ddZ,5,0.917,0.661,0.84,0.712
5FdiUDLORFvwxzTvqqOrcC,9,0.953,0.586,0.501,0.609
098rzZcpw3Pd6lDHHy45X6,4,0.896,0.869,0.011,0.731
3VRemRqHZi7qiWzJfc684f,4,0.856,0.841,0.00409,0.667
0h6ENY9kDXxfbbfnX3onPR,6,0.783,0.543,0.0398,0.794
2oIDZww61SUEmYd48m1tUc,8,0.827,0.511,0.0436,0.298
0aAdjvLx7S9rgg7HRbLkxB,11,0.614,0.72,0.0291,0.623
1T46rPw0SECpM0bYMEJoEN,1,0.685,0.387,0.304,0.328
3r6jxrlgEeigDLEUtMuIE0,0,0.844,0.726,0.584,0.651
42NPEbb30IfU6NLnPpLRQq,11,0.854,0.866,0.000531,0.69
6wxsQyLhYrkjponLVdyYBi,8,0.842,0.637,0.0145,0.819
4yYcbuP95sviOA60T9zVXf,11,0.775,0.819,0.00473,0.65
3aBSxEmw6Ww79Un5oC7xJU,11,0.899,0.742,0.183,0.69
37Uy4OBd93yP89ZhCj5je2,0,0.84,0.871,0.0137,0.715
6On9zhsdq3gbnGmdfLeCxR,11,0.919,0.766,0.0325,0.64
0U2fb4cYZyTAFe998npOqh,7,0.000779,0.671,0.00717,0.83
4mJAhcdnp1wPhQK7ODF24h,1,0.837,0.812,0.00497,0.529
1RonSMfR2Ob1qzmbKG1GQV,10,0.865,0.8,0.185,0.709
56BkhyZS6uapZH69FdhAPU,10,0.897,0.574,0.0581,0.55
4VGa1by1qnmiV4JSde3mnz,2,0.829,0.743,0.0416,0.7
5kdXiiF8MxyLVhRjkVv9jQ,8,0.793,0.231,0.92,0.219
3jpfUbj7yYPro4RTGu4ehj,8,0.81,0.981,0.00491,0.757
7Dm1ErVV1wpu2T6Rc8ZMIY,1,0.798,0.837,0.197,0.505
1LsZ5aoUJlphyNglORxQO3,2,0.887,0.807,0.0295,0.772
4QNMkhd49G4xJVQCrbrhst,8,0.16,0.613,0.313,0.704
2LDbHa87vrruqNVfN5Qkdp,6,0.834,0.617,0.225,0.804
7a14IX8l5Is5uAWlytxEkt,0,0.681,0.794,0.167,0.8
3jpY5FadMxgQ48NULttOpw,10,0.903,0.749,0.000912,0.74
5dyFpHnCShXfEmDoKIg0J5,1,0.000232,0.811,0.0028,0.868
4VP8nqMq7eN3vMnuAaptax,0,8.91e-05,0.17,0.988,0.597
4yFiV8qwdQ2n1cF1l4BYWJ,7,0.736,0.624,0.197,0.86
0TTkaLfS2hki3WGEf4gXfr,10,0.923,0.815,0.823,0.544
0gljB4tf7L1JztTaSBG3AN,11,8.83e-06,0.53,0.0113,0.825
6xHNcrzXu4SsqHazYSzMRK,6,0.818,0.817,0.105,0.687
389Clr9DJatdSJRUVhunYG,2,0.837,0.737,0.104,0.574
0gpMU1RQvZdPLLp8wpJzBF,11,0.876,0.914,0.0153,0.738
5PqTJr6Wn1WBW1NdlRmSQL,3,8.76e-05,0.49,0.145,0.561
2fIJ9GRxLhI1wMf017CF7Q,2,0.631,0.376,0.465,0.56
38vxstSXciei0IuEO2MoGI,1,0.264,0.67,0.535,0.718
6rFoXa2T7l7elYqXxYCvDz,5,0.68,0.407,0.809,0.83
1MNNFp9MUgIEbbK24oCmbf,6,0.0438,0.574,0.11,0.573
10b75UgPxnaE8caGoUlB2q,5,0.9,0.775,0.707,0.805
2XgqIg1xo9bvzyK0DEnqxN,10,0.88,0.0372,0.859,0.123
49KMGrpCasQj4bP7R27nEL,1,0.912,0.716,0.0211,0.615
4a5z3bW1U4I1priOzKP7ez,1,0.901,0.501,8.99e-05,0.765
5OBUmFuhkit7MYdaVZc2bs,9,0.493,0.596,0.518,0.434
20Q1NJcsDQthZNs1g3T6e7,1,0.0176,0.673,0.0206,0.712
7dVLHkc734gAHFg9uqV84k,2,0.895,0.922,0.0161,0.714
4CnTM4yeCex2Bf0ooctPs1,2,0.891,0.703,0.0342,0.59
5HAw7FMmW6DI9fqXDqdaLT,1,0.537,0.357,0.00615,0.785
3vaCAJ3PTryyBZEtHNCmNf,4,0.279,0.654,0.285,0.477
4uQWRd4rBrfAvLpB7Ko9lu,8,0.438,0.769,0.00328,0.808
1raUndN5SfPKzFETCbbwhH,6,8.47e-06,0.485,0.273,0.771
0GVgT3Y3ehqbIn4c0LJjhE,11,0.000479,0.697,0.308,0.659
6DBVVirWdJMhSGxeAkhj5m,7,0.936,0.318,0.99,0.59
79qMKLCEIM1WZLNg9YeykB,0,0.945,0.189,0.984,0.35
5sAlA1N2gmqqmUkqe8WIsa,3,0.855,0.795,0.201,0.706
5X90ZpkdxcPFquwlwUeKix,0,0.903,0.564,0.593,0.678
2y7an0zD7jCNw2MiM2u6OQ,0,0.0,0.427,0.592,0.681
6op3QtSUgYgeQo1F5PQD4D,6,0.845,0.662,0.0246,0.649
6yAxCaEgTD5oY8zKvHJgkI,3,0.0144,0.0866,0.989,0.416
79FRd4gq3o7yXSexLVsAFh,4,0.783,0.79,0.136,0.76
5E7Vu384i251zUafwizebk,3,0.00737,0.571,0.261,0.708
1LJP0CBP64Ve7NYun2kKNt,4,0.888,0.49,0.0761,0.82
3K49Hl9vCCmJgEeMtjZHA9,9,0.95,0.0158,0.993,0.341
4b6WRfxJRY40RBpl3TMQVq,6,0.9,0.961,0.000168,0.636
5VDnV2q6OrlrPsHsDZtIP1,8,0.871,0.902,0.0793,0.656
6UpWBI1nTv9PnqnGKuzIuT,5,0.888,0.512,0.000596,0.814
5MmKCuXDk2WTMjtdmIbApT,5,7.02e-06,0.609,0.688,0.597
3JpZBMzLz5OuxtJIIiOsTh,7,0.899,0.232,0.867,0.0692
39TFHOZblm2qQaOTyvEVJ6,3,0.912,0.181,0.938,0.195
5sICnSGfWkwVmIeD9WZ2Jk,1,1.63e-06,0.529,0.18,0.634
6HOLZtVDh5EgvPnW4z23n2,9,0.768,0.667,0.0567,0.454
2LJiw69NLNuwimnzGS5uIS,6,0.844,0.908,0.000157,0.613
3Yagxg6rtkwN01AYzA862i,5,0.906,0.18,0.988,0.545
5V28G1ktbqATUy4ioDzJZM,8,0.88,0.543,0.651,0.583
0ZVzN7tnseNSxtnAhTNK39,5,0.595,0.75,0.449,0.691
1uqOM1hQkfntTy2Wrl6qfi,2,0.501,0.869,0.144,0.672
3TNb4f7DjucnEFfb1eTGfi,9,0.91,0.127,0.979,0.251
1HMM306maOy44gGpRbyugs,1,0.81,0.126,0.992,0.297
3g5oI7fJYh9NaQMQ5x4ItH,0,0.885,0.914,0.0809,0.596
0pwYCGZE0qELSDnXyQBlWn,6,0.932,0.813,0.462,0.717
7D0e3LOMtsHW6Xalv2Tvln,7,0.22,0.51,0.0172,0.673
5IpgLo7O5eBLMPgoN4MBal,8,0.725,0.469,0.686,0.486
5JRxI8vQjnsbb2kRtHOGVj,8,0.838,0.565,0.624,0.576
5umBsHgpB2WsRA9ccQZGdz,1,0.892,0.7,0.0741,0.34
0Fs13LJdctI630wOhPcIO8,1,0.81,0.126,0.992,0.297
2C9FXEmMRN1sq3O7OaJrk5,10,0.922,0.862,0.00226,0.471
3aEsKfhk4cNr4XN3N1u8fa,4,0.973,0.325,0.915,0.407
4VPUoBWsKZE5V4REXje7PP,1,0.864,0.617,0.293,0.546
2gs3ytLZiqjY5xki3bAFLM,7,0.872,0.56,0.174,0.575
7Cjwgp1aDa7gcbWKJDQAgC,8,0.914,0.422,0.898,0.675
26z2X2YaHsFzdXjtVLEKUI,10,0.865,0.863,0.0489,0.584
20wMPnqHdNdBWaKRaMM7fD,0,0.176,0.537,0.69,0.638
7AILf7MVG0SEl6skEXhAar,1,0.817,0.813,0.00198,0.673
2StEq5J2bCq5JiwCKbansz,4,0.779,0.783,0.0079,0.63
5ilb0B5bZwMxS25e6SLrBb,11,0.87,0.792,0.00736,0.882
372r6JIBAJKawFG36x5iwC,7,0.738,0.399,0.0427,0.696
1yUauXd6aFxx9owxh4oTzB,5,0.538,0.203,0.268,0.958
4Tzw9IdZbVyzmpWrvsGaNX,3,0.156,0.314,0.108,0.862
0EDAZsV2t4Lh42R0mhjmXj,1,0.00883,0.843,0.0757,0.643
6afQwMSRq70Wyjn5Y086Hu,2,0.131,0.644,0.11,0.683
0YEhCWvpro9aFECqS9u3oh,6,0.89,0.652,0.0474,0.834
7BXLth3yTGwInORorxN34m,9,0.872,0.202,0.866,0.164
4RHMC3OE3oBpS32peJ6tR6,6,0.344,0.826,0.0845,0.709
6b7d99kMJZFEhGIJhKLbhi,2,0.901,0.596,0.00131,0.564
6V7qqM8vNL6mtMiQSeWPIF,2,0.514,0.254,0.387,0.373
0kdo72ihFRlpgrBarCVQEz,6,0.0,0.691,0.607,0.681
36apwMphkcaS63LY3JJMPh,3,0.326,0.703,0.187,0.663
5kzM27JyTjAzqS0qimDXu6,1,0.954,0.532,0.517,0.178
1SzNdQXN0x15dIqpAfoH4U,0,0.0533,0.115,0.896,0.386
5dRHgznMSoyqJO7bXqnxTx,11,0.861,0.51,0.694,0.703
6eLNnJwSlwEStbIAZVAYzd,0,0.351,0.82,0.0948,0.449
75WXKQGbaT0mi6GZItcVVJ,4,0.161,0.903,0.517,0.73
2B32tq6y3LxOnV9OkCZLOe,10,0.0221,0.383,0.894,0.662
737JcpWdPxUDNKjzEM8FzP,3,0.895,0.0272,0.98,0.197
0uMD0CaCxiTwgVZhN5paQf,1,0.49,0.0698,0.273,0.237
0GTNCbsy40iRO0LLvM7YaY,6,0.919,0.264,0.258,0.169
1zOpk9fyWgFFf0HRrTPQBt,9,0.00237,0.159,0.851,0.651
4bzd4evyqXabRtesx4emPn,1,1.07e-06,0.527,0.373,0.687
4C4Cni4yKvGFthrJ3VRjfM,5,0.925,0.0541,0.916,0.156
0mGitB0vwTpuSd9A6hCYji,7,0.837,0.883,0.0134,0.628
7Gq5I9cQZuFJAWmXRcqo3x,0,0.909,0.854,0.00141,0.617
5teYCP3pROESCEaASCVf5w,1,0.366,0.477,0.886,0.684
2I1S479pqGIi9Uq9eNYg4F,5,0.892,0.16,0.923,0.142
0dztHJ3bdxWvjYQMNKVCp1,11,0.553,0.904,0.0409,0.659
3BjygBarJk0ZDwEooe1ccf,11,0.0229,0.708,0.00252,0.66
506h8jAKfteka7hTvJxVur,9,0.798,0.595,0.893,0.727
6aLXTJc7YNCjxzx7EFY1b6,1,0.922,0.887,0.000251,0.584
5fSj4R5pbXqqznMwRdJxJi,11,0.892,0.821,0.0518,0.772
5Z6b7Mp2q7RPOkVKXVAGFM,7,0.895,0.248,0.0502,0.256
664jBL8NgKFYdiMK9bnCcz,3,0.943,0.844,0.0926,0.539
37ioI91Z4S0E9WKaFKJoOX,7,0.785,0.91,0.00559,0.416
72Qk0QaYUl6i29FDWQDmwU,11,0.0,0.363,0.915,0.619
49S3gm8TO3MclqPIYUAG2F,10,0.298,0.254,0.865,0.191
3dQiW5N2mVmYSmpI2suOIA,9,0.931,0.307,0.715,0.364
3yMem9r5sAf6qYnLfORjle,10,0.00332,0.423,0.0841,0.672
21eGoFRZOXb5goqCsscGGf,10,0.0108,0.0804,0.916,0.506
2URXBdx9353u9BxBHQoD7K,0,0.873,0.584,0.406,0.806
25O3YsHYgrYcFYEOrediFn,4,0.891,0.112,0.879,0.488
2u0bltYG3O7B8LFwkPBdq9,1,0.931,0.296,0.94,0.162
0X08uOUo8CAXyAZR1l2rAA,5,0.206,0.779,0.186,0.739
51otAp4ocieYr1ogeg4Why,2,0.803,0.703,0.0511,0.622
1SpDxVwy2xFJUqHRSEVnvV,1,0.757,0.894,0.00518,0.605
1eA59y8cRdu5kZKn1WBXIc,9,0.885,0.357,0.148,0.802
6MAL1HIq8S2qiKrdFiQAHF,1,0.316,0.894,0.0655,0.371
6fd6PaAxm5J6C99g8MqQbA,7,0.824,0.0526,0.934,0.0818
23ntXG1ogtHWnRjaYwu6qJ,7,0.928,0.578,0.159,0.601
7FXFWfEXCICfbaxONGRfYN,6,0.857,0.669,0.000688,0.81
2AL5OhY8Vgv32WO4H3azNb,5,0.816,0.924,0.00802,0.713
5GDteA9nob1rnxgE1KFx5l,7,0.622,0.435,0.759,0.444
0QdbS9B2RzhZguWemGB17d,2,0.625,0.65,0.000975,0.652
6cAs4CHN3J1lR2DYeY0q2y,10,0.804,0.857,0.00619,0.726
4Yf9QLUM8EeHaCS7EnaHnX,0,0.525,0.375,0.467,0.425
6CxfaUiVzPPjxtyDwjiH6q,4,0.182,0.671,0.213,0.731
34HuLnIAKBTqWMLV4b5BPS,10,0.869,0.927,0.0101,0.768
6t70HWfOrRgHlv5reQHTB6,4,0.925,0.0169,0.9,0.0813
3xD9KPvIfr5YxcJw5XaXvf,8,0.000132,0.665,0.117,0.732
63LhxeWrZEuYNiNEOktHzP,8,0.928,0.00932,0.956,0.513
7MWVGiavgsbWgn9yZ6MNPv,7,0.901,0.157,0.73,0.259
1d9N4jaFExc5m9AptU6mpg,7,0.947,0.392,0.69,0.194
6pFsYKPltQ3O8Jg0ChL07a,1,0.0205,0.516,0.381,0.403
6kTteVJEEkVs3Zges11EPO,1,0.801,0.674,0.0624,0.435
0l6acwkMvrn2mitwpLEXhs,7,0.779,0.621,0.0391,0.626
04l9bUZEsUkF6zy7hIjbbT,0,0.0565,0.582,0.234,0.655
463xc1d1XJV3PERNwJlIWo,6,0.756,0.898,0.0767,0.671
7KY7cq27ZmCcLWre4SdI6m,11,0.79,0.865,0.0069,0.738
7ihwGiBDcSFAnbqtVdPCfr,3,0.872,0.154,0.598,0.135
47Y0rL0NmIstJxFgVWUqVA,9,0.83,0.724,0.00252,0.65
0O0eHO92tSDjlLirEwxad3,8,0.102,0.558,0.626,0.787
3TxH9hjKCNlHTUQsPiUaLK,3,0.908,0.663,0.591,0.488
4sRk2fj97lzuTyLbzcLeV1,6,0.929,0.13,0.921,0.292
0qC6CVPzhHF8SvLzsJAC4c,7,0.882,0.775,0.085,0.669
1EIh2eXuL7y2mPV8iWM7FY,11,0.926,0.621,0.675,0.717
17YSGfgY3BizhPL8QDF1gg,1,0.482,0.731,0.00719,0.639
60HbzrF5D4ljczKkxuJmeH,6,0.957,0.279,0.989,0.382
60qsc6l7FKzhi9cEUZfaWR,9,0.912,0.907,0.188,0.642
7rrUZc6DOkFEgJstIYtOFP,9,0.545,0.682,0.00112,0.738
0EE4etMJ3MNCuAEY4tFgrF,9,0.679,0.721,0.0011,0.765
17pno112VTzDeNAh34PMeC,2,0.926,0.124,0.925,0.12
3HGq0YLcyzhsS252BmjZOa,8,0.89,0.715,0.000605,0.297
0BuobeiCWrKv0OPKngNSHK,7,0.877,0.772,0.375,0.761
0OP2eMymGFlImhgokk2jln,0,0.905,0.458,0.00632,0.398
4crRORb2ixk978arkfwz9t,5,0.92,0.75,0.00275,0.505
1KGPWhxaYAYpLp4MVfPxAu,11,0.886,0.578,0.0426,0.292
63f31X80nqem4VeTHL2PqM,8,0.0,0.667,0.27,0.726
7C67t32g7uvuu8ycC4Czoa,1,0.494,0.372,0.069,0.773
19rwLC5rmgkzyDiP12TMha,11,0.897,0.631,0.0543,0.765
62gvCFP2ENmOSFG35MVF1M,11,0.624,0.569,0.446,0.768
6Eakq1I39qKAlyTJqc9jQL,10,0.932,0.68,0.00646,0.71
3PUylo7KayGdG3iGojzMLt,7,0.454,0.085,0.974,0.236
1fPPoPACi2dyXd6xd8caX2,7,0.938,0.375,0.959,0.426
5NXPiNjC5w8kWKGbZyszxx,0,0.829,0.444,0.515,0.808
0CkdQC2WblMUtelEZBbWcg,3,0.917,0.338,0.14,0.377
0szwsqUFUlNxupTMFrKE6W,5,0.921,0.787,0.036,0.717
5aRe3NaiAdDK9lr3kycmDi,7,0.864,0.575,0.00098,0.457
5zzkmLE2D2zQTwch2Ikjta,0,0.974,0.324,0.995,0.152
330YzcDouOmiahaJah92Bd,1,0.404,0.628,0.495,0.504
1aHZ1ytX9oYLDU7mkeSkvN,10,0.893,0.536,0.156,0.544
2TOn7sCjmLKNFWQbcCIyDH,10,0.828,0.705,0.0012,0.763
5U8SZMWsUGwzMPmQvQdesC,1,0.811,0.72,0.0166,0.676
5HF3RyQVJFM9FFB5r3NTeO,11,0.887,0.314,0.976,0.229
3rCtueI7qBN2kZBZnXuk5K,6,0.886,0.725,0.539,0.713
4i0yKh0l6tdVfSR8otKW9A,4,0.126,0.553,0.59,0.667
7amdpZrRj5ngGURJjvpaeE,11,0.828,0.911,0.00175,0.686
4WelMc4bFzdgCV6Oi2EYXa,3,0.244,0.806,0.505,0.718
7AfjsWFDhggAVRmd6wAiYv,6,0.923,0.579,0.0305,0.534
3umWfHbYfTQpKv6ob3QXfF,6,0.842,0.884,0.0185,0.68
6tpEU20pqSfEXnFf9SIUzw,2,0.888,0.376,0.0249,0.485
3SnNAIqtXkeKy0M7yDfNca,6,0.605,0.6,0.00849,0.722
0nr1Fxo88YSQEfdiuPLg5T,8,0.94,0.457,0.345,0.553
69g4JNhPRadvLgKKv1QQML,2,0.518,0.735,0.724,0.552
5BgfodYBmppmlfR8kEuBFT,3,0.131,0.548,0.864,0.682
6zMRPrZdAw9w1888ZQFteA,7,0.761,0.379,0.17,0.168
64JtbaCzTqbduHQaZYOU4T,5,0.934,0.0585,0.991,0.382
4ZZmnXwntJV3jPYkwlzar3,3,0.85,0.263,0.924,0.501
0R43dXnNgF209Ygdgct0fP,1,0.00947,0.641,0.0718,0.763
1q7LDIU3gFeZXlRZpTZQOV,8,0.845,0.668,0.265,0.633
0MY20JDvQuXv2DQeFQqOyH,11,0.928,0.809,0.288,0.728
2Vl69upTWML1n7jU5HpPXb,5,0.859,0.00154,0.958,0.283
4LZwAR3Kca1eBXCVRDnwOc,0,0.873,0.197,0.912,0.359
3aLOSDqordMtEuPxOn3hbT,8,0.911,0.658,0.46,0.693
13zRpWZDuOOCi6zBmWzPXo,10,0.437,0.557,0.122,0.776
3Tc6x9waprUmAwaOjEIWEa,7,0.934,0.612,0.251,0.716
3uRlcpeKEi5SvM4LfBRMh5,8,0.91,0.487,0.00204,0.688
3RHWRCemNNVspfzSw1vMy7,3,0.925,0.101,0.966,0.404
4fP7FqIR05uEyif9Fvm5LD,4,0.675,0.686,0.568,0.583
3UYKvI6JYzkp8eep9fcWT0,0,0.00291,0.534,0.451,0.485
7kjHmzcH4RjDLUivOnorpD,7,0.865,0.828,0.00826,0.705
3A0ITFj6kbb9CggwtPe55f,7,0.0,0.655,0.425,0.436
0bO9mhJpH5R5ixn9Gv8F6O,6,0.00185,0.676,0.483,0.715
2Gd8ZQCBOjFfkZu1p7OjjX,5,0.922,0.279,0.748,0.31
2sQUWHg7de6z5QZQRx8AaK,3,0.734,0.867,0.021,0.581
7qgRamJa4Rmxrm94hsJyY5,3,0.877,0.777,0.599,0.524
7JQybFDM3nDTxW5awk1XVd,9,0.00682,0.464,0.317,0.722
40sFep2wZeBGSU2r4eSxBG,9,0.75,0.781,0.12,0.647
0zRihVR6d6EO08y1pQeYKI,1,0.953,0.121,0.951,0.0644
0EXyE7VONyOgYfSpiR07K4,1,0.000806,0.4,0.873,0.54
2nOXX2b172iaa2dbtwIv62,11,0.0154,0.00823,0.991,0.268
3oRuCzqdduzZ2CBhAtv8zO,1,0.907,0.0089,0.987,0.301
0E7S1k9M1KshLISVC2EP1M,5,0.879,0.512,0.257,0.738
58jiO8fZTyFM0EB7Nliu0T,0,0.00244,0.556,0.166,0.752
1UgSaXRBhEY8EsCbXcnfSS,0,0.892,0.618,0.832,0.669
2kYhiEvpjzgiw50Eqt4JUD,8,0.79,0.954,0.0156,0.667
42EtdFbaqfBokco4oSBWsH,6,0.0,0.635,0.46,0.304
24nZ5yPGkOT9qptf6zlQqJ,6,0.876,0.692,0.0813,0.557
7aRuu6FW1xQXDhAEk6ACms,4,0.00327,0.7,0.0889,0.585
7IxRWlV8ySKHOMFmlc2ouZ,0,0.911,0.156,0.89,0.0729
25GOzgUUaJfP7MhSk3MKnl,1,0.829,0.545,0.33,0.488
0urRiazfTllhGXa6oGIJb5,6,0.861,0.828,0.0179,0.583
5FxkaQsPbfdKWCAMSndPNq,5,0.911,0.00742,0.98,0.335
5Vdrq1akDDxNMEybDvmBDa,1,0.905,0.217,0.989,0.473
3pihS07XVQEavaS9n7kObt,8,0.00117,0.528,0.0565,0.67
2gZK0G7lXhkDZ12kjrbPd0,0,0.726,0.911,0.00348,0.181
4rv3UTtKes3ICbrUAV3XWy,3,0.972,0.485,0.509,0.369
44pVDHtVkMjzmv6cne4sGZ,0,0.902,0.494,0.0183,0.846
1xBke1qBIpQHmM9q3hKemz,7,0.957,0.127,0.994,0.318
6fFPlyaKvRzMmCAgPaEKLj,0,0.00969,0.465,0.426,0.476
2K9R257EJNa29HBTr1wLo3,4,0.86,0.567,0.00228,0.255
3FDYhdc7SHC9cgjjn3fl9f,8,0.93,0.589,0.547,0.574
1JnWpnDCNR0ldTOmBgOMve,4,0.95,0.484,0.664,0.326
725V6ZzHRvPmi9cOqpf8rE,10,0.916,0.56,0.653,0.58
2phFYKU17cGcD6cemRDlgD,10,0.306,0.944,0.0168,0.789
0dquePzmMGYZyexWRtGRkF,7,0.946,0.813,0.944,0.555
5NUAscEeJlMkAsIAhHAuZ7,5,0.0927,0.652,0.625,0.496
5ak2hgkL7iZKMxm7jGUHwC,8,0.43,0.518,0.626,0.682
6IwbrqhA8HxDwcIWNbAbGV,3,0.000164,0.856,0.404,0.814
3mKr8NuxjqyjmwN0WpwZtd,10,0.846,0.813,0.00535,0.742
5UulKCGsFHKzXetRPWoUbW,5,0.43,0.559,0.237,0.632
4Uvuss8LaxNGbPPJhn3PkG,10,0.213,0.569,0.447,0.18
3u2R3fpfSNwvEWDzSVcXVS,4,0.89,0.479,0.78,0.368
6d7pdDVxhOAAelJITR3R4Y,8,0.019,0.551,0.075,0.475
2L1cSUF2v7OzuJl7C2RTeR,6,0.882,0.0928,0.994,0.373
71me972LWGvjRrjNAvtdXO,9,0.875,0.339,0.0646,0.801
4pMJF059Rex6E7L0Z1Iipx,6,0.942,0.552,0.368,0.562
2U1ywD86EqAx9JRDohDZH7,0,0.436,0.713,0.000336,0.384
46eZrYtPVulmQNz6LgiTEr,1,0.886,0.707,0.411,0.422
7FGL1wIFu0iKubXHP43jn6,5,0.44,0.646,0.435,0.724
7jGpIDmjOXjerOOV4it5q1,10,0.938,0.748,0.0706,0.631
14hKtzUqlI1Sa1nfq0GXR3,1,0.907,0.558,0.347,0.34
7Cgmm1YGezKMTn1e3Xed93,0,0.859,0.398,0.0577,0.677
38bDal03Zeq6Gz7PpHxl61,1,0.47,0.469,0.142,0.637
7FL8LRWchZHLvWutXbmcIa,6,0.852,0.48,0.121,0.469
270vQeHHj1li41XLsucEHk,8,0.686,0.743,0.366,0.474
6nXeNkkM9LCNAM58qz9T2B,4,0.0596,0.642,0.00342,0.813
1Dl0E86yorhNRMYZ20RIfY,8,0.00446,0.4,0.169,0.292
1ESzyXxkUwxQF3Blh7O3Dt,2,0.862,0.675,0.0232,0.592
0wIPozdMmpkkD7AvOk5U1O,4,0.0508,0.599,0.00809,0.428
0g8OMKzumeD2MKzwuPTNmC,2,0.909,0.913,0.0197,0.584
6jE4WAAW4f9YxyUTOy7NNn,5,0.206,0.574,0.0737,0.869
0QkEGSbBf3CqUhZ0m5M8I0,0,0.9,0.318,0.953,0.595
1zsI90Kqvo7c26KAySCRw0,8,0.786,0.782,0.339,0.754
7qP4HBMVQBRmrlFhS7BG9E,7,1.51e-06,0.519,0.433,0.76
7efvkqC67CKvkR591j1i3Z,11,0.146,0.216,0.577,0.578
6hhoEUDGbNPU7PbbiUt16C,7,0.917,0.944,0.000412,0.794
3towjnLu1qVAUXIbLubGyA,5,0.00249,0.438,0.0876,0.38
1Ahp4PZ1vzdbzBCedUrsqI,0,0.000135,0.661,0.252,0.312
7n04oWq0HYF1wX5FqJTnlH,11,0.94,0.87,0.00814,0.799
7pksI8X4WvsKoTmM0DZs32,10,0.197,0.584,0.00308,0.746
6YieSMHzOuWfcReDwAjKfO,1,0.000711,0.73,0.0598,0.463
3JDsYB8UxGbMQNnNlAeDL0,8,0.736,0.301,0.441,0.391
60st6t4q5jvd7nKBgoVlgm,5,0.878,0.686,0.366,0.629
7MGFg1PXrjP9BW6RYOHBau,2,0.0495,0.747,0.153,0.745
2VZZUylefe76BnQjK6yaGR,0,0.924,0.224,0.966,0.432
1Spx9kWeFMAvL6CnHfUJtT,11,0.0111,0.77,0.348,0.65
2za2VgFlRRaPfi3TuNTTEq,4,0.632,0.742,0.0171,0.796
6quyqbfWoWG9iXrtYl8yG2,8,0.934,0.336,0.968,0.366
3lpPyIWXJ4K8soUTJsmxOC,6,0.0211,0.541,0.531,0.447
2ZsJw2ppC0K381lFME21iX,1,0.824,0.577,0.000215,0.716
7B4LoQ23Anl4CbUJxHCoYS,1,0.916,0.818,0.0425,0.511
1DoS5ql0TW3ejjJGHbsAmz,9,8.36e-05,0.487,0.711,0.719
7dVLGEHAukEId8EP1S2GXx,1,0.921,0.732,0.0278,0.337
09wCkkcKMNuAU95GBnhqOM,1,0.000114,0.726,0.0653,0.561
3aZVGi4Fy0LUS4CykblAoQ,8,0.838,0.375,0.898,0.327
0hhu27TVhfBKjIvKOL83IQ,10,0.892,0.475,0.8,0.768
51WLmjgPAVhLnrjfQZ6tzh,9,0.241,0.282,0.915,0.565
3rRLjBfDvixAxLUpHUOB3O,3,0.856,0.203,0.958,0.224
5k385tXvI2PgPZWqQeTCRS,0,0.932,0.545,0.18,0.481
5lfBUkuT4mprXGQML18tyq,4,0.921,0.231,0.995,0.36
4BdPUhY4fXMTioDVxEIkMb,4,0.00128,0.191,0.778,0.226
48MPwRtt4PRuC0gUZgkI48,1,0.916,0.000882,0.945,0.227
2OHyNLyd7gJZbJJ04ocvdO,8,0.0588,0.678,0.0238,0.525
3lLeqwECQxEL5UZrIqylmh,9,0.866,0.347,0.937,0.415
7knMhAPnJUQlOpXpqlMBex,10,0.852,0.853,0.00387,0.639
2GKoPwGdEPrqDZETewmU20,2,0.864,0.464,0.00567,0.807
1JsG5d9Lz1zkx7OJcCIbAJ,7,0.797,0.74,0.00317,0.709
36tbdRSqm1cWGZW7Q9NTI5,0,0.841,0.495,0.415,0.432
5siGIjySOP4BGXyqLaqF4v,7,0.897,0.625,0.139,0.691
5GqzFWTTd5UHOdJ8ZCP4ca,9,0.921,0.755,0.245,0.629
0pBc8FXG8vvhtChTexXCpy,0,2.43e-06,0.397,0.392,0.56
6bQw5OvHgTVABlRziFtac1,6,0.00158,0.494,0.404,0.658
6aNxPxDEtI1TgEp41eMeGZ,6,0.884,0.63,0.00272,0.744
0hw3K6MrT2tRyzA26mKmU1,2,0.00477,0.802,0.000191,0.536
79GFKFraKaZAqMUdt9g1nG,6,0.864,0.712,2.48e-05,0.706
5FseKiInHwPP0noCzoBmc8,8,0.694,0.905,0.089,0.423
3rH94SljaUQd1KMqC0l25J,1,0.603,0.425,0.418,0.28
5OnAqnPnW4ME8BUMW8ZRcw,11,0.906,0.615,0.00265,0.793
4Tg0ra2NwFahHXiboKtfPW,8,0.689,0.787,0.06,0.274
3JDamuaMdq1xobjSlI1qRd,6,0.899,0.411,0.438,0.581
4zXIzoQQKBSkfUBiL4W18r,1,0.000167,0.727,0.00258,0.347
5veNZCICsWMKLzykjlWurt,6,0.892,0.662,0.108,0.662
6yMAy8BOBn1dZ1Emu1akHS,7,0.899,0.9,0.00367,0.598
2ciHrPVlcC1xuH1Pf0KGia,0,1.46e-06,0.597,0.0519,0.78
3ph4XP0xAkYkCZAGvOM9BG,3,0.951,0.452,0.947,0.488
40TMWT4FHQKrbb6NgfWAJ5,7,0.191,0.529,0.392,0.849
27uHnErFYCS1Sjl8LMvqkR,6,0.703,0.728,0.202,0.701
74bg929M5m7OBf6cV0qtCG,8,0.749,0.838,0.0447,0.721
3BWMzVWFvFSILs6H8S3Tys,10,0.921,0.258,0.867,0.355
3boO8V8sT6jSktZpRHnsdb,1,0.866,0.63,0.0563,0.69
1E0A352r5zPfIZ4OjxoVaV,11,8.47e-05,0.879,0.00729,0.42
2aJDlirz6v2a4HREki98cP,4,0.948,0.798,0.0158,0.853
3r5L1JbOIOlbwOpCt1KOBc,6,0.833,0.353,0.201,0.844
3OshzfGHYAh1PlUlqtjeDV,9,0.612,0.541,0.398,0.829
5XZXq03yRv5cHzAYmHuAlt,10,0.0029,0.52,0.366,0.665
7mCL2LKHdraRa3yqXtymkK,10,0.651,0.753,0.045,0.576
2RWJxsuhuGz3eHYe6r7KOI,8,0.784,0.409,0.264,0.694
4yHrlxSUJHyw6Du9Wg3dH5,1,0.731,0.795,0.604,0.393
6dXlDc9V9ac6CVIltACS8g,2,0.818,0.695,0.000217,0.481
23fEf1PfWtRbVSUEizPNjH,1,0.805,0.492,0.104,0.793
56hFwZGsqUjuv2D766KfKa,1,0.832,0.413,0.129,0.875
0CEZiMHc9BRWe5NYqRJGds,7,0.539,0.662,0.00111,0.631
7gsqaQewuiCmV229FK8YCE,0,0.822,0.823,0.858,0.417
1OtWnGjAK6rmv17Z3WuI31,4,0.883,0.744,0.000287,0.732
1qhkrvEZw02q6xB553HDCs,11,0.811,0.493,0.0091,0.773
0LJySyLQHKk48L1ZHAqiji,2,0.862,0.642,0.365,0.789
7M2AMJZISkdKAzHg7n2CUZ,8,0.96,0.0708,0.923,0.471
0XImNAP9pPmHt8NVFMKJti,8,0.886,0.579,0.161,0.592
01iglyLhCYZYlCqAxY8Vfz,0,0.92,0.466,0.758,0.615
3OhwaetItNaTXxn0mr9SkN,5,0.75,0.691,0.454,0.592
6F2Gdh3B0FXt4mzLhSOkBK,9,0.941,0.855,0.109,0.539
5mxxJ1ufv8FzIVbGkxSMkw,6,0.461,0.491,0.281,0.675
1IfBG2eOnTvNQWhMLIwXSC,8,0.958,0.0567,0.995,0.232
5CgwhJ5YyjPrzMJYwjwRav,9,0.94,0.45,0.0236,0.401
4nXjANesQwFooYaRUTDzbR,0,0.385,0.442,0.0188,0.62
60tKJ2o6iLarJF5nMDs7xo,0,0.0221,0.446,0.404,0.672
4Z9npQ93MrnIkRcTBKwSa3,5,0.143,0.704,0.259,0.753
3KjNFlK4YEMh3hZ2P4iKud,2,0.0367,0.427,0.257,0.435
2vmtkvCoE3cwmoX56CbkBX,7,0.0166,0.546,0.044,0.644
2jAu8NfpemA0BMYRP0WGbx,0,0.904,0.692,0.0704,0.69
3MNKjPvkQnMNq8BU2GwYFq,5,0.822,0.195,0.921,0.207
6dGKZitKS0s8at6D6xfWEl,6,0.89,0.621,0.783,0.792
5qoaKCFyf0uTDI1hsSarvT,2,0.144,0.66,0.00268,0.212
71MGOqJ6rbrIQDoOeFIe5W,7,0.0537,0.445,0.279,0.306
2vUMdAub2h5j5zuSppYQyT,11,1.07e-05,0.544,0.126,0.319
4312dHwyxpfyxpg0Hg5MY4,3,0.797,0.382,0.263,0.638
1GyyDYEbB0QxwDJuCTArGL,4,0.673,0.502,0.751,0.791
4hjgOsPfZla4MJPmu5mOWR,0,0.9,0.465,0.0117,0.702
00UDD8mjooNiezsxVRCYWX,8,0.202,0.324,0.887,0.32
6nJvVFNUqgAR4bBMyvfJj7,9,0.904,0.661,0.738,0.192
4TQmCn0e9L7XTiKY4Hk8X4,9,0.931,0.472,0.787,0.302
0JH6XDgzDXlM8xLotEjebL,9,0.856,0.67,0.628,0.664
5TVYDb8PCKxPF4eh9l4oPb,11,0.789,0.598,0.841,0.731
7j9DYPyCuvSAtPcevpAkzb,1,0.409,0.482,0.486,0.161
48b5MLAuChqUwBwRrhEap4,11,0.92,0.373,0.881,0.456
3KYR5PiwW5KjPgPXfyKGrO,9,0.823,0.692,0.815,0.652
34VPpQAdw3wDkvxoy5brv4,10,0.415,0.495,0.903,0.709
3sOVAShVwqvZEGuVM1cO2V,6,0.873,0.0955,0.908,0.174
1xrV3k1w607ZSzOlBOSIqW,11,0.524,0.312,0.0175,0.868
70HugOq2RkgM8k0lw8yezC,9,0.192,0.686,0.0674,0.76
7vt3bmjV7nBiXFSORkjeFO,1,0.699,0.621,0.664,0.741
3njAaDjDBb893AnRjgiRm8,11,0.858,0.643,0.00689,0.313
2ij1QfykgCu8Mu0bagSMYv,0,0.269,0.455,0.674,0.381
5BAXlRDW3YaPr3rfqV51TA,4,0.893,0.251,0.98,0.83
0cioodTxLIxjZLZnzgch9b,10,0.916,0.178,0.987,0.481
1BNQ5uIacL7ECsJg04mGdq,1,0.913,0.219,0.851,0.506
5fBamKoQ3aXwQpe2Cch8K6,0,0.00681,0.24,0.861,0.764
7dPsMFngUzDDAzmFDKniw5,10,0.134,0.924,0.0136,0.799
528cn9VuUcjioySL0258gV,10,0.00191,0.198,0.976,0.619
5KsGGuOc058tJ9Sieb6Rkx,7,0.825,0.6,0.164,0.74
2xmZlaJYI7BJ7nP1F7BbUm,8,0.849,0.488,0.807,0.803
35JyMcZhBwfNF9x9gev7vq,9,0.687,0.488,0.134,0.767
5qXS6M3tIptCtursDNA9Cc,9,0.85,0.504,0.821,0.798
4kDNjE4tpkMKDRKTWixPKw,2,3.29e-05,0.0771,0.959,0.396
6aAx98Vjy0tX499XGbFC7s,0,0.824,0.781,0.113,0.916
5q0gPpBVNNusEenuXo3hw3,0,0.000342,0.513,0.174,0.308
1Q1OEWMdj88YNUGel55nxs,1,0.00101,0.55,0.48,0.653
3csiMgHDKJ4CvhmkTgM56g,1,0.829,0.65,0.071,0.706
6La6oQO7rFQ91El8lCfWdv,9,0.153,0.938,0.0263,0.916
3XJc8HnHFOInQYtIhJy6x9,0,0.0119,0.474,0.294,0.896
702Aj0v2XDQyWkeq2gSCX9,4,0.000936,0.233,0.875,0.396
4hFnlpT7IqxdR9wfCayRw6,11,0.0,0.415,0.197,0.488
4yQtVEWby0Sd13DGoSuAgu,9,0.823,0.721,0.0929,0.842
2UTARcdseDfnPiOA6KAj3J,7,0.58,0.352,0.171,0.676
679wYTdyNGOtAT6t8AUSgw,7,0.382,0.411,0.831,0.711
0Byfa6nOF5hIhmw5puM45b,8,0.776,0.57,0.000829,0.747
53oOhcGuYJVIswjBy0oMee,10,0.774,0.888,0.221,0.516
3aIrFcNYiCjPg37hRoV0jq,3,0.899,0.224,0.817,0.189
4UmuBF2XzW3EkO0rfrnYNO,5,0.0944,0.458,0.864,0.648
5vtyVp21VYlLQhPQzG57Kd,6,0.853,0.859,0.0312,0.746
5ziYoXutr7LlxWtJNDnRG4,2,0.675,0.0835,0.835,0.0716
0ekL7vs3KjwcmBcIcmmK65,3,0.915,0.217,0.965,0.299
0vMN8GO5SQsYQF4Aat3L8l,9,0.0113,0.533,0.592,0.596
7r3iUAjfsiwb5byu8IlO0F,10,0.918,0.133,0.93,0.14
1SX69Pf0ZLDneHONakLsWt,9,0.837,0.435,0.344,0.825
3wUX7HpXS382s1DHTRouVk,1,0.0,0.805,0.00925,0.709
1LWwjmb8ws7og9NS6QJ6xm,11,0.933,0.198,0.903,0.153
3AuSogI89rld1KqfUpL3Np,7,0.607,0.739,0.0237,0.529
26Pezt3F2ByPpeoEouTp4s,10,0.12,0.916,0.126,0.615
0f2zV1DRcts1vRxGfiVgVS,2,0.85,0.506,0.356,0.597
1yINKqfzfsqhnR263V03A0,2,0.883,0.677,0.0125,0.533
0oxhycwSVnEOfQfPmeZUYk,5,0.646,0.599,0.0252,0.755
2I3l32ErrSKFxVEfT7Fnuw,8,0.266,0.539,0.576,0.572
3Gac1U5SpdQgQyX6WI6a7m,8,0.775,0.736,0.00837,0.517
5KMP3hXEI2T01ZZantqD9G,5,0.91,0.905,0.059,0.546
3FMt1pZHDNzzthh9p1swkV,6,0.83,0.912,0.0707,0.501
5LBuEKsWeHSwUaudcFIV0Z,11,9.81e-05,0.556,0.0751,0.734
5WY2nfub0krPVi3sMlK13Z,6,0.148,0.446,0.0231,0.82
5lMugQF80AuN6uukFJLT58,10,0.0608,0.724,0.206,0.826
7jwvnvnwlcp3zRGto4CUwV,7,0.0744,0.629,0.216,0.272
12RMPmcliWCfzKuYRtHuxl,7,0.874,0.518,0.697,0.405
5EeNRe6Fi29tTrssVzl4dw,1,0.9,0.743,0.0711,0.559
5NzTuEPCeELi0mMAKFOdBD,7,0.0118,0.732,0.0024,0.58
7IpnYPoeHA94ZAuCmPhgBx,11,1.75e-05,0.638,0.507,0.518
58iaa4IU9JZKDZlFf2Vf7U,1,0.0221,0.6,0.0335,0.733
74zI09acHC2xIoQ0odMA0p,8,0.0638,0.487,0.765,0.718
5H4PAvtkfCt9CgbtKgoX04,0,0.0819,0.89,0.0465,0.53
0FcbbziqSfblMsKJbtPKU8,8,0.662,0.499,0.0444,0.766
5RUs0R1k2KUHiWqkE2RFxr,8,0.819,0.474,0.0927,0.632
1DiiqCzEiNPP1qHBvXXWxw,10,0.0,0.872,0.151,0.801
6ZgIoVt0NWOZp7MN0K75wf,4,0.934,0.708,0.037,0.559
0r79jMZuI51tbG6csFIhWl,0,0.755,0.269,0.526,0.361
21230g6OTpmKd7cuGbzoOy,10,0.926,0.128,0.609,0.567
6GEKYH0IF0jDkev9u1I7hg,6,0.944,0.244,0.978,0.441
68hNg5ky3kfciugPW5MAfa,7,0.915,0.703,0.054,0.59
3zrzWaSPLL8zEYvbHiMQUR,1,0.619,0.836,0.881,0.389
5dzCLmga8b5wBFzneVhoRz,11,0.0357,0.375,0.479,0.612
0WFFNZF1ltpGbhkJREgJ8x,5,0.884,0.527,0.0362,0.511
4O0AvFe6sEMyIewBw4ALaA,9,0.00333,0.254,0.643,0.207
0A6Ex80dxSp8JP545CR34i,9,0.000269,0.812,0.446,0.422
1z2PN9Fcm4gKorXvTx8Vsc,10,0.00312,0.805,0.411,0.69
0dNffOIQTFFfv6xLzBn42x,8,0.952,0.334,0.675,0.348
2el1cPm0N9Zshgdg4p90Nd,8,0.778,0.623,0.148,0.55
4IMGD5qeSALNHn2U31YxiE,7,0.921,0.876,0.00355,0.705
4YXrotEiEDQtmVdugutstF,1,0.67,0.521,0.00157,0.806
5xqEHUDsehbdVtiplRu3o0,11,0.892,0.817,0.0124,0.29
2MzJscyC6vlr7zRXKJ1IIr,7,0.643,0.283,0.341,0.794
4vXZNlgq2B0XXRwkQTfdQP,0,0.837,0.81,0.0665,0.562
5UFtKaL5KBumqv4tpgdm0p,5,0.0,0.655,0.271,0.453
63oso9rTok02rrM2jj8JRS,5,0.814,0.904,0.00324,0.724
5qDqu7fMGVPGfPYTmrtNKX,0,0.9,0.476,0.902,0.288
3UzSfFhvQr3EUnmoRnCGu5,9,0.922,0.409,0.609,0.112
3ly7BumjC9xoOKRM2UPHC1,2,0.903,0.304,0.855,0.472
28UYIs4bHvBYqc9YiHqFZd,6,0.00065,0.48,0.178,0.452
3fp4QHNFEOqaJXXP2oJ1qq,7,0.852,0.634,0.657,0.646
2V539MV3mX2iNjpaalJeqH,3,0.904,0.0225,0.986,0.363
0psuMM27UzXPXyWIApcdMg,11,0.901,0.35,0.884,0.0638
31XR0F9W0FDJkDSjCBgCTR,0,0.00145,0.393,0.906,0.475
3bPlMzfHJMYqdAC80NLPTb,6,0.0199,0.402,0.74,0.519
6yiAkllub2vnDy4YQdwAPy,8,0.873,0.544,0.0797,0.687
7Gmyfr90pUYuwbTyJxcfDq,10,0.581,0.245,0.676,0.561
6UP76dE8ic5pkBSkLn9Gwb,6,0.816,0.908,0.0781,0.383
0MfC7MIMsyGtqVQseM6Ywt,11,0.0199,0.473,0.0429,0.559
0aHyfO1gb7HsZhtZhgwE1o,11,0.0921,0.611,0.0255,0.537
3mWYUNhU5nNxi9oBL5VXql,11,0.00162,0.84,0.275,0.695
295WburT6J6NrX3DUBTWCf,7,0.0809,0.84,0.364,0.311
2nzHSd02748Zu9eMpkG2Y3,9,0.864,0.306,0.974,0.319
7oYXoqBcKmijPfyAv0VS0G,7,0.591,0.639,0.0791,0.725
3hi8BVe4PZFpHuVQUGB2bY,2,0.771,0.633,0.0182,0.625
0cTLKPTA5rwpjrGutKO1r8,6,0.472,0.601,0.218,0.73
2kbG99CwKxSZ0NTE4xhteT,11,0.0,0.888,0.00384,0.688
5rmCzmaH2traCVwGXbX3Sm,11,0.791,0.912,0.402,0.57
4fZYzz6EpySAtyBb5Xciqa,11,0.423,0.573,0.359,0.609
3DwBvJjV6WCDkjpBcHGMDY,10,0.911,0.625,0.066,0.721
1sC2InSbuISimH8Svsw4c8,6,0.918,0.562,0.528,0.734
6cZvpqGxdv9uecOw4chV7H,1,0.0406,0.527,0.636,0.374
5H6bqE8a3FwbdiZEnXFSqd,5,0.971,0.832,0.611,0.539
2FjDg4FQiTRmVFrQwZJRL5,4,0.869,0.517,0.0317,0.823
1usniPDaV3LohZCPXnvivD,1,0.731,0.866,0.00144,0.569
5np7wBYlWvAoXxDVWUPWZT,4,0.735,0.682,0.137,0.557
4NqxAPv6ZAg9Lccf1QFTVg,8,0.0166,0.377,0.402,0.623
3jzerzfM8lLFej7MAry7qG,10,0.922,0.428,0.781,0.31
5WZD4aZbU5KwGPzEs9Zu6A,6,0.755,0.87,0.000394,0.805
6OVjLqyFAjVW46275YKmeI,9,0.699,0.566,0.0248,0.707
3bu35oKLRgaZvqnbsCji5E,0,0.726,0.737,0.0575,0.67
5vG7iwUFxDI8xSDfya1Ist,3,0.000188,0.764,0.779,0.633
2Luqfi5MDDR4iC7n3NzYWB,6,0.0,0.859,0.456,0.477
5pLeAChZvoVYikxQfVvUOd,7,0.0166,0.694,0.235,0.386
6iL9iIXKW1w1U4EH1tz4o1,8,0.891,0.563,0.0952,0.802
1YTfQ9rW1OhIyZiF1F89Lg,1,0.858,0.863,0.0768,0.849
70URh1j5dgFbK9Odc5yCkA,11,0.218,0.495,0.328,0.615
1Vtqq62RwufehM22vjWByN,2,0.239,0.3,0.0772,0.92
4HAgflaWvlNDufgCL0Xtm8,7,0.0,0.666,0.399,0.655
7sDcVjNU2bbgRDz8tYn935,0,2.05e-06,0.653,0.24,0.495
2vKfzXGoMaKjvfqk3dPstG,9,0.93,0.808,0.00544,0.664
3JV7WZVxNCnTRvjiX3wF1g,0,0.645,0.829,0.165,0.693
2hinqo5HVB7qla5iMrKUFB,9,0.962,0.799,0.00676,0.548
2tyApIdBzpMeUGiywV3h52,3,0.669,0.815,0.308,0.572
6Ig6kjJsL0zwsdT1Cb2oBT,2,0.921,0.755,0.00728,0.454
6khve9GNYhAq72Sv4Wgn3E,5,0.881,0.295,0.98,0.174
70XyAVH4pHLgZ2QNvmv1D9,10,0.000788,0.271,0.912,0.302
1ZuBqsl5K0riNCQ7ZLkPpw,9,0.0766,0.813,0.177,0.601
25tunVQWLKWDbV2H9dA1Qc,11,0.0,0.586,0.255,0.43
4cdufTA09eo6h9aTA4ATvz,6,0.939,0.523,0.56,0.518
2yxyRfIh4jXQIaFoB2roWC,4,0.0108,0.857,0.088,0.673
5R5shSt0yzM6aeZvJ06s0j,7,0.0,0.391,0.487,0.511
3loLXLMqHTwtY9ycNhIoDR,6,0.000181,0.453,0.456,0.514
3Iap0TRPPdl528Wk9kV4zq,10,0.945,0.0847,0.97,0.41
3zdW3zHXGuIBloCD8YnOei,6,0.807,0.373,0.83,0.505
5pzhKQbRtZYJshOHGtufPw,1,0.0991,0.015,0.807,0.211
1x6fQ08Smj58AYlSchDMVV,11,0.741,0.536,0.2,0.766
2lxcJ9yLt9YhBowyKw06Mm,2,0.765,0.688,0.0685,0.534
4OpLrdhfNtM4B7nzB0SQqy,8,0.894,0.797,0.111,0.818
5Tiqg3D1R7iK1cclflnF2H,11,0.901,0.71,0.0532,0.728
08Pf43rcNQz5JkMq4H4gJz,4,0.896,0.729,0.589,0.626
20OvtcB4riRmoXeGoyr5UA,11,0.656,0.814,0.00944,0.653
7nQQCm9y6lxnk4WdVCvQVy,1,0.899,0.545,0.0135,0.669
2XeheVhX7rgA6tWOJdyIqX,8,0.031,0.781,0.13,0.719
3hPQQLoF4w3tfe8ZliOs8v,11,0.805,0.725,0.121,0.786
3dPSsk7SMKHTiV311iovMI,5,0.903,0.796,0.0854,0.687
2ePf1Ec3J5J6agLnflmrk2,1,0.184,0.695,0.0122,0.756
45Kuq3ZNftGinVWu1TThnA,3,0.701,0.763,0.00285,0.713
6XOcK5vRlhQHdGk0l9VWzq,1,0.891,0.71,0.0124,0.81
49S1t6AVGQn2re2jFp7elt,3,0.00512,0.717,0.534,0.825
7oIi9sXd1eVPpj3iBKR2vz,1,0.0834,0.928,0.000157,0.659
0nkKToaJu16rYa7lJ9oYCn,0,0.157,0.277,0.921,0.555
6moHGusnsgfjUJ8qJFwmif,6,0.312,0.471,0.446,0.611
3myznUOJDSBLSW7boRvPVa,10,0.387,0.697,0.0487,0.416
7xRKHhAYDixP5I3fwOB5p8,2,0.00124,0.782,0.096,0.534
7rlDmA8x2FO6plemjnPE0i,6,0.758,0.811,0.507,0.459
3OjXa0HLoWhbwxyDSNWTGa,9,0.714,0.564,0.0275,0.845
6vhmHKMhUModBQccVcCKSb,1,0.34,0.572,0.202,0.725
0UoXzSgRU5Igibr2Wntm9w,10,0.827,0.402,0.0387,0.759
37Cf0ZTkUPOIaY8pbdeP7P,2,0.7,0.923,0.00161,0.6
0izbMfR7hvGHEoGBD5bBli,6,0.886,0.725,0.539,0.713
6ngzqaNMiF72SpefEKarOq,6,0.768,0.842,0.023,0.534
3sJCADvtbzgKPzEBHhHSLY,10,0.889,0.984,0.00322,0.612
5tVXm479a7e1NybJcq1QIQ,1,0.916,0.818,0.0425,0.511
5seZV3dCxExd7Q36KwWh2S,1,0.866,0.693,0.0196,0.792
7ocA5x1DLDKBHPpFD0K4EF,10,0.597,0.793,0.0201,0.524
5dZ8vK6v8Q7esoixhk3VHD,6,0.516,0.686,0.129,0.831
4RTPdgun3QimcZbytzLxOC,10,0.851,0.644,0.0216,0.718
6YcWUCLMUyTaKScNXIG3qI,7,0.215,0.683,0.00942,0.437
5fXHswaQRTvzfwTC8CW5Ew,11,0.874,0.905,0.0158,0.757
3UXjKuSMHCF20xoiVanhPv,10,0.047,0.714,0.272,0.648
20YfhQiwRzzQgrltg5rGE5,7,0.552,0.754,0.00414,0.819
7D0PZGU2aSwYWOvvMWzUUl,7,0.62,0.739,0.0233,0.708
61g7oQKm8DFEL7r2g9LS8x,1,0.948,0.565,0.763,0.561
3AW6V6zWH45jI7eNPnSDfT,6,0.858,0.653,0.0281,0.656
2pYvd6cHcAIMAM6xMD6nok,5,0.0944,0.458,0.864,0.648
7iE9oBkH73M1K74gyjjx7c,9,0.775,0.553,0.29,0.734
4cwDC2Yk2zqOp6NMX6v750,10,0.0667,0.341,0.885,0.215
7sqii6BhIDpJChYpU3WjwS,3,0.202,0.788,0.195,0.595
7Cg3F9ZsZ2TYUnlza49NYh,6,0.942,0.749,0.173,0.542
15IVKRhTPXp4lKtwl568KS,3,3.47e-06,0.613,0.231,0.559
2lJ4d8MCT6ZlDRHKJ1br14,2,0.933,0.844,0.395,0.64
6BbFwwHnzY74a8GOsDg8Sn,4,0.834,0.59,0.23,0.693
2y1cW84gbL4ghBD2HwcQ3x,7,0.88,0.885,0.0181,0.669
3aWPdd6U1xbsIEGEpUaPyQ,5,0.532,0.589,0.321,0.656
4GroumsjzAcgCwJzTGY7px,10,0.531,0.461,0.236,0.54
4MSKGtnxTdqIypqwTDY3em,10,0.13,0.4,0.564,0.296
5DAjrJqXqYtgr67pVhmUeR,7,0.607,0.739,0.0237,0.529
2Yz2Z1ENB85nYrK3Rg2qxO,8,0.29,0.408,0.385,0.606
7rF2bHXc5wa3hM3114pppm,3,0.669,0.702,0.047,0.734
